metric,value
f_stat,7.459027539956644
lower_p_value,6.771191945764699e-05
upper_p_value,0.0006348664009676597
