percentile,lower,upper
90.0,2.7295224,3.7471556
95.0,3.2290217,4.3222818
99.0,4.3110408,5.5425521
99.9,5.7599206,7.1435458
